0,0.0,0.0,0.34831460674157305,-0.11235955056179775,0.5955056179775281,-0.4157303370786517,0.6853932584269663,-0.7528089887640449,0.7415730337078652,-0.9887640449438202,0.449438202247191,-0.7078651685393258,0.5168539325842697,-0.9775280898876404,0.5056179775280899,-0.7303370786516854,0.4606741573033708,-0.5842696629213483,0.25842696629213485,-0.7191011235955056,0.30337078651685395,-1.0,0.3146067415730337,-0.6966292134831461,0.2808988764044944,-0.5617977528089888,0.06741573033707865,-0.6853932584269663,0.10112359550561797,-0.9213483146067416,0.1348314606741573,-0.6292134831460674,0.11235955056179775,-0.5056179775280899,-0.14606741573033707,-0.6292134831460674,-0.0898876404494382,-0.8089887640449438,-0.033707865168539325,-0.6179775280898876,-0.0449438202247191,-0.5168539325842697
0,0.0,0.0,0.32967032967032966,-0.12087912087912088,0.5824175824175825,-0.42857142857142855,0.6813186813186813,-0.7582417582417582,0.7472527472527473,-1.0,0.4725274725274725,-0.7142857142857143,0.4945054945054945,-0.967032967032967,0.45054945054945056,-0.7472527472527473,0.43956043956043955,-0.6263736263736264,0.26373626373626374,-0.7362637362637363,0.2857142857142857,-1.0,0.26373626373626374,-0.7472527472527473,0.26373626373626374,-0.6263736263736264,0.07692307692307693,-0.7252747252747253,0.07692307692307693,-0.9340659340659341,0.08791208791208792,-0.6923076923076923,0.0989010989010989,-0.5714285714285714,-0.12087912087912088,-0.6813186813186813,-0.08791208791208792,-0.8241758241758241,-0.054945054945054944,-0.6483516483516484,-0.054945054945054944,-0.5494505494505495
0,0.0,0.0,0.3333333333333333,-0.14444444444444443,0.5555555555555556,-0.4444444444444444,0.6111111111111112,-0.7666666666666667,0.6666666666666666,-1.0,0.3888888888888889,-0.7222222222222222,0.3888888888888889,-0.9666666666666667,0.3888888888888889,-0.7444444444444445,0.37777777777777777,-0.6111111111111112,0.18888888888888888,-0.7222222222222222,0.18888888888888888,-0.9666666666666667,0.2111111111111111,-0.7,0.2111111111111111,-0.5777777777777777,0.011111111111111112,-0.6777777777777778,-0.011111111111111112,-0.8777777777777778,0.03333333333333333,-0.6444444444444445,0.05555555555555555,-0.5222222222222223,-0.16666666666666666,-0.6111111111111112,-0.18888888888888888,-0.7555555555555555,-0.12222222222222222,-0.6,-0.1,-0.5222222222222223
0,0.0,0.0,0.34831460674157305,-0.1348314606741573,0.5393258426966292,-0.42696629213483145,0.5842696629213483,-0.7303370786516854,0.6292134831460674,-0.9438202247191011,0.42696629213483145,-0.48314606741573035,0.5393258426966292,-0.7640449438202247,0.6067415730337079,-0.898876404494382,0.651685393258427,-1.0,0.2247191011235955,-0.5730337078651685,0.34831460674157305,-0.9213483146067416,0.39325842696629215,-0.8426966292134831,0.3707865168539326,-0.7078651685393258,0.0449438202247191,-0.6067415730337079,0.14606741573033707,-0.9213483146067416,0.19101123595505617,-0.8314606741573034,0.19101123595505617,-0.7078651685393258,-0.11235955056179775,-0.6067415730337079,-0.02247191011235955,-0.8539325842696629,0.011235955056179775,-0.7865168539325843,0.0,-0.6853932584269663
0,0.0,0.0,0.3493975903614458,-0.14457831325301204,0.5421686746987951,-0.4457831325301205,0.5903614457831325,-0.7590361445783133,0.6626506024096386,-1.0,0.3132530120481928,-0.5542168674698795,0.3373493975903614,-0.9518072289156626,0.43373493975903615,-0.9156626506024096,0.4578313253012048,-0.8192771084337349,0.0963855421686747,-0.5662650602409639,0.1927710843373494,-1.0,0.3132530120481928,-0.9518072289156626,0.3132530120481928,-0.8313253012048193,-0.060240963855421686,-0.5662650602409639,0.024096385542168676,-0.9397590361445783,0.14457831325301204,-0.9156626506024096,0.1566265060240964,-0.8072289156626506,-0.1927710843373494,-0.5301204819277109,-0.13253012048192772,-0.8192771084337349,-0.04819277108433735,-0.8313253012048193,-0.024096385542168676,-0.7710843373493976
0,0.0,0.0,0.36585365853658536,-0.15853658536585366,0.5975609756097561,-0.43902439024390244,0.6585365853658537,-0.7560975609756098,0.7317073170731707,-0.9878048780487805,0.4146341463414634,-0.7073170731707317,0.43902439024390244,-0.9878048780487805,0.43902439024390244,-0.8048780487804879,0.4268292682926829,-0.6463414634146342,0.21951219512195122,-0.7195121951219512,0.24390243902439024,-1.0,0.25609756097560976,-0.7926829268292683,0.25609756097560976,-0.6463414634146342,0.04878048780487805,-0.7073170731707317,0.04878048780487805,-0.9390243902439024,0.07317073170731707,-0.7560975609756098,0.08536585365853659,-0.6341463414634146,-0.12195121951219512,-0.6585365853658537,-0.12195121951219512,-0.8414634146341463,-0.06097560975609756,-0.7195121951219512,-0.04878048780487805,-0.6219512195121951
0,0.0,0.0,0.35294117647058826,-0.1411764705882353,0.5882352941176471,-0.4,0.6470588235294118,-0.7176470588235294,0.7294117647058823,-0.9411764705882353,0.4235294117647059,-0.6470588235294118,0.47058823529411764,-0.9529411764705882,0.4823529411764706,-0.7764705882352941,0.4588235294117647,-0.6352941176470588,0.23529411764705882,-0.6823529411764706,0.29411764705882354,-1.0,0.3176470588235294,-0.8117647058823529,0.2823529411764706,-0.6588235294117647,0.07058823529411765,-0.6823529411764706,0.10588235294117647,-0.9411764705882353,0.1411764705882353,-0.7647058823529411,0.12941176470588237,-0.6352941176470588,-0.09411764705882353,-0.6470588235294118,-0.047058823529411764,-0.8705882352941177,0.0,-0.7294117647058823,0.0,-0.6235294117647059
0,0.0,0.0,0.3924050632911392,-0.12658227848101267,0.6075949367088608,-0.4177215189873418,0.6835443037974683,-0.7468354430379747,0.7721518987341772,-0.9873417721518988,0.4050632911392405,-0.5569620253164557,0.4810126582278481,-0.9240506329113924,0.569620253164557,-0.8860759493670886,0.5949367088607594,-0.7974683544303798,0.189873417721519,-0.6329113924050633,0.34177215189873417,-1.0,0.43037974683544306,-0.9113924050632911,0.4177215189873418,-0.7848101265822784,0.012658227848101266,-0.6455696202531646,0.1518987341772152,-0.9873417721518988,0.24050632911392406,-0.8987341772151899,0.24050632911392406,-0.7848101265822784,-0.12658227848101267,-0.6455696202531646,0.0,-0.9113924050632911,0.0759493670886076,-0.8607594936708861,0.06329113924050633,-0.759493670886076
0,0.0,0.0,0.3333333333333333,-0.17777777777777778,0.5222222222222223,-0.4777777777777778,0.5777777777777777,-0.7777777777777778,0.6333333333333333,-1.0,0.3111111111111111,-0.6,0.36666666666666664,-0.9666666666666667,0.4222222222222222,-0.8555555555555555,0.4,-0.7222222222222222,0.1111111111111111,-0.6222222222222222,0.18888888888888888,-0.9777777777777777,0.25555555555555554,-0.8777777777777778,0.23333333333333334,-0.7444444444444445,-0.05555555555555555,-0.6222222222222222,0.011111111111111112,-0.9111111111111111,0.06666666666666667,-0.8333333333333334,0.05555555555555555,-0.7111111111111111,-0.2,-0.6,-0.13333333333333333,-0.8444444444444444,-0.07777777777777778,-0.7777777777777778,-0.08888888888888889,-0.6777777777777778
0,0.0,0.0,0.3516483516483517,-0.14285714285714285,0.5494505494505495,-0.43956043956043955,0.5934065934065934,-0.7692307692307693,0.6483516483516484,-1.0,0.32967032967032966,-0.5824175824175825,0.3516483516483517,-0.945054945054945,0.4175824175824176,-0.8241758241758241,0.4065934065934066,-0.6923076923076923,0.10989010989010989,-0.6043956043956044,0.16483516483516483,-0.967032967032967,0.23076923076923078,-0.8461538461538461,0.21978021978021978,-0.7032967032967034,-0.054945054945054944,-0.5934065934065934,-0.03296703296703297,-0.8681318681318682,0.04395604395604396,-0.7582417582417582,0.04395604395604396,-0.6483516483516484,-0.2087912087912088,-0.5494505494505495,-0.17582417582417584,-0.7582417582417582,-0.10989010989010989,-0.6813186813186813,-0.0989010989010989,-0.6043956043956044
0,0.0,0.0,0.34831460674157305,-0.14606741573033707,0.5393258426966292,-0.43820224719101125,0.5955056179775281,-0.7752808988764045,0.651685393258427,-1.0,0.33707865168539325,-0.6067415730337079,0.3707865168539326,-0.9325842696629213,0.4044943820224719,-0.8314606741573034,0.39325842696629215,-0.7191011235955056,0.12359550561797752,-0.6404494382022472,0.19101123595505617,-0.9775280898876404,0.23595505617977527,-0.8426966292134831,0.21348314606741572,-0.7078651685393258,-0.0449438202247191,-0.6292134831460674,-0.011235955056179775,-0.898876404494382,0.0449438202247191,-0.7752808988764045,0.0449438202247191,-0.6629213483146067,-0.19101123595505617,-0.5955056179775281,-0.15730337078651685,-0.797752808988764,-0.11235955056179775,-0.7078651685393258,-0.11235955056179775,-0.6179775280898876
0,0.0,0.0,0.3103448275862069,-0.14942528735632185,0.5057471264367817,-0.45977011494252873,0.5287356321839081,-0.7701149425287356,0.5632183908045977,-1.0,0.3218390804597701,-0.7241379310344828,0.3103448275862069,-0.9540229885057471,0.3103448275862069,-0.735632183908046,0.3333333333333333,-0.6091954022988506,0.13793103448275862,-0.7126436781609196,0.11494252873563218,-0.9540229885057471,0.14942528735632185,-0.6781609195402298,0.1724137931034483,-0.5632183908045977,-0.034482758620689655,-0.6551724137931034,-0.08045977011494253,-0.8390804597701149,-0.011494252873563218,-0.5977011494252874,0.034482758620689655,-0.4942528735632184,-0.20689655172413793,-0.5747126436781609,-0.2413793103448276,-0.7011494252873564,-0.16091954022988506,-0.5402298850574713,-0.11494252873563218,-0.47126436781609193
0,0.0,0.0,0.3493975903614458,-0.1566265060240964,0.5662650602409639,-0.43373493975903615,0.6506024096385542,-0.7228915662650602,0.7228915662650602,-0.9518072289156626,0.43373493975903615,-0.6867469879518072,0.4578313253012048,-0.9759036144578314,0.4457831325301205,-0.7831325301204819,0.43373493975903615,-0.6385542168674698,0.24096385542168675,-0.7108433734939759,0.25301204819277107,-1.0,0.26506024096385544,-0.7590361445783133,0.25301204819277107,-0.6144578313253012,0.04819277108433735,-0.6867469879518072,0.04819277108433735,-0.9397590361445783,0.08433734939759036,-0.7108433734939759,0.0963855421686747,-0.5783132530120482,-0.13253012048192772,-0.6385542168674698,-0.12048192771084337,-0.8433734939759037,-0.07228915662650602,-0.6987951807228916,-0.060240963855421686,-0.5903614457831325
0,0.0,0.0,0.3614457831325301,-0.14457831325301204,0.5783132530120482,-0.42168674698795183,0.6385542168674698,-0.7228915662650602,0.7108433734939759,-0.9397590361445783,0.43373493975903615,-0.7469879518072289,0.4578313253012048,-0.9759036144578314,0.43373493975903615,-0.7831325301204819,0.42168674698795183,-0.6385542168674698,0.2289156626506024,-0.7590361445783133,0.25301204819277107,-1.0,0.25301204819277107,-0.7590361445783133,0.24096385542168675,-0.6144578313253012,0.04819277108433735,-0.7228915662650602,0.060240963855421686,-0.9518072289156626,0.08433734939759036,-0.7108433734939759,0.0963855421686747,-0.5662650602409639,-0.14457831325301204,-0.6506024096385542,-0.12048192771084337,-0.8192771084337349,-0.060240963855421686,-0.6626506024096386,-0.03614457831325301,-0.5421686746987951
0,0.0,0.0,0.3333333333333333,-0.14814814814814814,0.5185185185185185,-0.4567901234567901,0.5308641975308642,-0.7777777777777778,0.5802469135802469,-1.0,0.35802469135802467,-0.5432098765432098,0.38271604938271603,-0.8765432098765432,0.43209876543209874,-0.9382716049382716,0.4567901234567901,-0.9382716049382716,0.13580246913580246,-0.5802469135802469,0.20987654320987653,-0.9876543209876543,0.2839506172839506,-0.9259259259259259,0.2962962962962963,-0.7901234567901234,-0.04938271604938271,-0.5925925925925926,0.0,-0.9506172839506173,0.09876543209876543,-0.9135802469135802,0.1111111111111111,-0.8024691358024691,-0.19753086419753085,-0.5802469135802469,-0.14814814814814814,-0.8395061728395061,-0.07407407407407407,-0.8271604938271605,-0.04938271604938271,-0.7530864197530864
0,0.0,0.0,0.3,-0.15555555555555556,0.43333333333333335,-0.4666666666666667,0.4222222222222222,-0.7777777777777778,0.43333333333333335,-1.0,0.2111111111111111,-0.5444444444444444,0.14444444444444443,-0.8777777777777778,0.2111111111111111,-0.8222222222222222,0.24444444444444444,-0.7,-0.011111111111111112,-0.5222222222222223,-0.03333333333333333,-0.9,0.05555555555555555,-0.8333333333333334,0.06666666666666667,-0.7,-0.16666666666666666,-0.4888888888888889,-0.2,-0.8,-0.1111111111111111,-0.7444444444444445,-0.08888888888888889,-0.6444444444444445,-0.3,-0.4444444444444444,-0.3111111111111111,-0.7,-0.23333333333333334,-0.6666666666666666,-0.2222222222222222,-0.5888888888888889
0,0.0,0.0,-0.30097087378640774,-0.20388349514563106,-0.4854368932038835,-0.49514563106796117,-0.5533980582524272,-0.7766990291262136,-0.5533980582524272,-1.0,-0.3592233009708738,-0.7378640776699029,-0.36893203883495146,-0.9223300970873787,-0.33980582524271846,-0.6990291262135923,-0.3106796116504854,-0.5825242718446602,-0.17475728155339806,-0.7475728155339806,-0.18446601941747573,-0.9805825242718447,-0.18446601941747573,-0.6990291262135923,-0.1650485436893204,-0.5922330097087378,0.009708737864077669,-0.7087378640776699,0.009708737864077669,-0.912621359223301,-0.019417475728155338,-0.6504854368932039,-0.019417475728155338,-0.5436893203883495,0.20388349514563106,-0.6407766990291263,0.18446601941747573,-0.7961165048543689,0.1262135922330097,-0.6116504854368932,0.10679611650485436,-0.5242718446601942
0,0.0,0.0,-0.2980769230769231,-0.20192307692307693,-0.47115384615384615,-0.5096153846153846,-0.5192307692307693,-0.7884615384615384,-0.5384615384615384,-1.0,-0.375,-0.7211538461538461,-0.36538461538461536,-0.9134615384615384,-0.3269230769230769,-0.7211538461538461,-0.3076923076923077,-0.5673076923076923,-0.18269230769230768,-0.7307692307692307,-0.17307692307692307,-0.9423076923076923,-0.16346153846153846,-0.7019230769230769,-0.16346153846153846,-0.5673076923076923,0.009615384615384616,-0.7019230769230769,0.019230769230769232,-0.8846153846153846,0.0,-0.6538461538461539,0.0,-0.5384615384615384,0.20192307692307693,-0.6346153846153846,0.19230769230769232,-0.7884615384615384,0.15384615384615385,-0.6346153846153846,0.14423076923076922,-0.5384615384615384
0,0.0,0.0,-0.2571428571428571,-0.17142857142857143,-0.4095238095238095,-0.4857142857142857,-0.41904761904761906,-0.7714285714285715,-0.4,-1.0,-0.24761904761904763,-0.7047619047619048,-0.23809523809523808,-0.9047619047619048,-0.26666666666666666,-0.6857142857142857,-0.2571428571428571,-0.5428571428571428,-0.06666666666666667,-0.6952380952380952,-0.0761904761904762,-0.9238095238095239,-0.12380952380952381,-0.6571428571428571,-0.09523809523809523,-0.5238095238095238,0.11428571428571428,-0.6476190476190476,0.10476190476190476,-0.8571428571428571,0.0380952380952381,-0.5904761904761905,0.047619047619047616,-0.45714285714285713,0.29523809523809524,-0.5619047619047619,0.26666666666666666,-0.7428571428571429,0.19047619047619047,-0.5714285714285714,0.18095238095238095,-0.44761904761904764
0,0.0,0.0,-0.2549019607843137,-0.1568627450980392,-0.47058823529411764,-0.47058823529411764,-0.5392156862745098,-0.7745098039215687,-0.4803921568627451,-1.0,-0.35294117647058826,-0.7450980392156863,-0.3627450980392157,-0.9313725490196079,-0.3235294117647059,-0.6862745098039216,-0.29411764705882354,-0.5980392156862745,-0.16666666666666666,-0.7450980392156863,-0.16666666666666666,-0.9705882352941176,-0.16666666666666666,-0.6666666666666666,-0.13725490196078433,-0.6078431372549019,0.029411764705882353,-0.7058823529411765,0.0392156862745098,-0.9019607843137255,0.00980392156862745,-0.6274509803921569,0.029411764705882353,-0.5588235294117647,0.23529411764705882,-0.6274509803921569,0.20588235294117646,-0.7745098039215687,0.16666666666666666,-0.5882352941176471,0.17647058823529413,-0.5196078431372549
0,0.0,0.0,-0.27184466019417475,-0.14563106796116504,-0.47572815533980584,-0.46601941747572817,-0.5339805825242718,-0.7766990291262136,-0.5533980582524272,-1.0,-0.3883495145631068,-0.7087378640776699,-0.36893203883495146,-0.8932038834951457,-0.3300970873786408,-0.6699029126213593,-0.3106796116504854,-0.5728155339805825,-0.1941747572815534,-0.7281553398058253,-0.18446601941747573,-0.941747572815534,-0.17475728155339806,-0.6699029126213593,-0.1650485436893204,-0.5922330097087378,0.0,-0.6893203883495146,0.019417475728155338,-0.8737864077669902,0.0,-0.6213592233009708,0.0,-0.5436893203883495,0.1941747572815534,-0.6310679611650486,0.18446601941747573,-0.7669902912621359,0.1553398058252427,-0.5922330097087378,0.14563106796116504,-0.5242718446601942
0,0.0,0.0,-0.3333333333333333,-0.25925925925925924,-0.5092592592592593,-0.5277777777777778,-0.5833333333333334,-0.7870370370370371,-0.5833333333333334,-1.0,-0.39814814814814814,-0.6851851851851852,-0.4074074074074074,-0.8240740740740741,-0.3888888888888889,-0.7129629629629629,-0.39814814814814814,-0.6666666666666666,-0.24074074074074073,-0.7037037037037037,-0.26851851851851855,-0.8611111111111112,-0.25,-0.75,-0.25925925925925924,-0.7129629629629629,-0.09259259259259259,-0.6851851851851852,-0.1111111111111111,-0.8333333333333334,-0.1111111111111111,-0.7314814814814815,-0.12037037037037036,-0.6944444444444444,0.06481481481481481,-0.6574074074074074,0.037037037037037035,-0.7777777777777778,0.018518518518518517,-0.7037037037037037,0.009259259259259259,-0.6759259259259259
0,0.0,0.0,-0.35555555555555557,-0.2111111111111111,-0.5666666666666667,-0.5,-0.6444444444444445,-0.7777777777777778,-0.6777777777777778,-1.0,-0.4666666666666667,-0.7222222222222222,-0.4222222222222222,-0.9222222222222223,-0.36666666666666664,-0.7111111111111111,-0.3333333333333333,-0.5444444444444444,-0.2777777777777778,-0.7333333333333333,-0.25555555555555554,-0.9555555555555556,-0.2222222222222222,-0.7,-0.2111111111111111,-0.5333333333333333,-0.1,-0.7111111111111111,-0.07777777777777778,-0.9,-0.07777777777777778,-0.6555555555555556,-0.08888888888888889,-0.5,0.07777777777777778,-0.6666666666666666,0.08888888888888889,-0.8111111111111111,0.05555555555555555,-0.6444444444444445,0.044444444444444446,-0.5333333333333333
0,0.0,0.0,-0.39285714285714285,-0.20238095238095238,-0.6309523809523809,-0.4880952380952381,-0.7380952380952381,-0.7738095238095238,-0.7738095238095238,-1.0,-0.5476190476190477,-0.7142857142857143,-0.5238095238095238,-0.9404761904761905,-0.4523809523809524,-0.7380952380952381,-0.44047619047619047,-0.6071428571428571,-0.3333333333333333,-0.7380952380952381,-0.3333333333333333,-0.9880952380952381,-0.27380952380952384,-0.7261904761904762,-0.2857142857142857,-0.5952380952380952,-0.14285714285714285,-0.7142857142857143,-0.11904761904761904,-0.9404761904761905,-0.10714285714285714,-0.6785714285714286,-0.11904761904761904,-0.5595238095238095,0.05952380952380952,-0.6666666666666666,0.05952380952380952,-0.8333333333333334,0.047619047619047616,-0.6666666666666666,0.03571428571428571,-0.5714285714285714
0,0.0,0.0,-0.3333333333333333,-0.16666666666666666,-0.5222222222222223,-0.4777777777777778,-0.5666666666666667,-0.7777777777777778,-0.5888888888888889,-1.0,-0.36666666666666664,-0.7222222222222222,-0.34444444444444444,-0.9333333333333333,-0.3333333333333333,-0.7333333333333333,-0.3111111111111111,-0.5777777777777777,-0.16666666666666666,-0.7333333333333333,-0.15555555555555556,-0.9777777777777777,-0.16666666666666666,-0.7111111111111111,-0.15555555555555556,-0.5666666666666667,0.022222222222222223,-0.7,0.044444444444444446,-0.9222222222222223,0.011111111111111112,-0.6444444444444445,0.0,-0.5,0.2222222222222222,-0.6333333333333333,0.23333333333333334,-0.8111111111111111,0.17777777777777778,-0.6222222222222222,0.14444444444444443,-0.5111111111111111
0,0.0,0.0,-0.2621359223300971,-0.13592233009708737,-0.39805825242718446,-0.4854368932038835,-0.39805825242718446,-0.7766990291262136,-0.36893203883495146,-1.0,-0.2621359223300971,-0.7184466019417476,-0.23300970873786409,-0.883495145631068,-0.22330097087378642,-0.6601941747572816,-0.21359223300970873,-0.5242718446601942,-0.07766990291262135,-0.7087378640776699,-0.038834951456310676,-0.9029126213592233,-0.07766990291262135,-0.6213592233009708,-0.08737864077669903,-0.49514563106796117,0.10679611650485436,-0.6504854368932039,0.13592233009708737,-0.8058252427184466,0.06796116504854369,-0.5436893203883495,0.04854368932038835,-0.4368932038834951,0.2912621359223301,-0.5533980582524272,0.2912621359223301,-0.6796116504854369,0.21359223300970873,-0.49514563106796117,0.18446601941747573,-0.4077669902912621
0,0.0,0.0,-0.33695652173913043,-0.1956521739130435,-0.5108695652173914,-0.5,-0.5217391304347826,-0.782608695652174,-0.532608695652174,-1.0,-0.34782608695652173,-0.7391304347826086,-0.32608695652173914,-0.9239130434782609,-0.31521739130434784,-0.717391304347826,-0.29347826086956524,-0.5652173913043478,-0.15217391304347827,-0.7282608695652174,-0.13043478260869565,-0.9456521739130435,-0.15217391304347827,-0.6847826086956522,-0.15217391304347827,-0.5217391304347826,0.03260869565217391,-0.6847826086956522,0.043478260869565216,-0.8913043478260869,0.0,-0.6304347826086957,-0.010869565217391304,-0.4673913043478261,0.22826086956521738,-0.5978260869565217,0.21739130434782608,-0.782608695652174,0.15217391304347827,-0.6086956521739131,0.11956521739130435,-0.4782608695652174
0,0.0,0.0,-0.3191489361702128,-0.19148936170212766,-0.5106382978723404,-0.48936170212765956,-0.5531914893617021,-0.7872340425531915,-0.5531914893617021,-1.0,-0.3829787234042553,-0.723404255319149,-0.3617021276595745,-0.925531914893617,-0.32978723404255317,-0.6914893617021277,-0.30851063829787234,-0.574468085106383,-0.19148936170212766,-0.723404255319149,-0.1702127659574468,-0.9574468085106383,-0.1702127659574468,-0.6702127659574468,-0.18085106382978725,-0.5531914893617021,-0.02127659574468085,-0.6808510638297872,0.02127659574468085,-0.8829787234042553,-0.010638297872340425,-0.6170212765957447,-0.031914893617021274,-0.5,0.1595744680851064,-0.6170212765957447,0.1702127659574468,-0.776595744680851,0.1276595744680851,-0.5957446808510638,0.10638297872340426,-0.5
0,0.0,0.0,-0.2808988764044944,-0.0898876404494382,-0.47191011235955055,-0.42696629213483145,-0.48314606741573035,-0.7640449438202247,-0.4606741573033708,-1.0,-0.3258426966292135,-0.7303370786516854,-0.23595505617977527,-0.8876404494382022,-0.21348314606741572,-0.6292134831460674,-0.21348314606741572,-0.4943820224719101,-0.11235955056179775,-0.7078651685393258,-0.033707865168539325,-0.9213483146067416,-0.056179775280898875,-0.6067415730337079,-0.0898876404494382,-0.4943820224719101,0.07865168539325842,-0.6404494382022472,0.16853932584269662,-0.8314606741573034,0.11235955056179775,-0.5393258426966292,0.06741573033707865,-0.42696629213483145,0.2808988764044944,-0.550561797752809,0.3258426966292135,-0.6853932584269663,0.25842696629213485,-0.48314606741573035,0.20224719101123595,-0.39325842696629215
0,0.0,0.0,-0.2871287128712871,-0.16831683168316833,-0.45544554455445546,-0.48514851485148514,-0.44554455445544555,-0.7821782178217822,-0.42574257425742573,-1.0,-0.31683168316831684,-0.7128712871287128,-0.26732673267326734,-0.8910891089108911,-0.26732673267326734,-0.6633663366336634,-0.26732673267326734,-0.5544554455445545,-0.1188118811881188,-0.7029702970297029,-0.0891089108910891,-0.9108910891089109,-0.1188118811881188,-0.6336633663366337,-0.12871287128712872,-0.5445544554455446,0.04950495049504951,-0.6534653465346535,0.09900990099009901,-0.8316831683168316,0.039603960396039604,-0.5742574257425742,0.019801980198019802,-0.4752475247524752,0.22772277227722773,-0.5742574257425742,0.24752475247524752,-0.7227722772277227,0.1782178217821782,-0.5445544554455446,0.1485148514851485,-0.46534653465346537
0,0.0,0.0,-0.27,-0.16,-0.43,-0.48,-0.45,-0.78,-0.43,-1.0,-0.31,-0.7,-0.29,-0.91,-0.3,-0.67,-0.28,-0.54,-0.12,-0.7,-0.11,-0.94,-0.15,-0.66,-0.13,-0.54,0.07,-0.65,0.08,-0.87,0.02,-0.61,0.02,-0.49,0.25,-0.58,0.24,-0.76,0.17,-0.59,0.16,-0.49
0,0.0,0.0,-0.2755102040816326,-0.14285714285714285,-0.45918367346938777,-0.45918367346938777,-0.4897959183673469,-0.7653061224489796,-0.46938775510204084,-1.0,-0.336734693877551,-0.7142857142857143,-0.32653061224489793,-0.9081632653061225,-0.3163265306122449,-0.673469387755102,-0.29591836734693877,-0.5510204081632653,-0.14285714285714285,-0.7142857142857143,-0.1326530612244898,-0.9285714285714286,-0.16326530612244897,-0.6530612244897959,-0.14285714285714285,-0.5510204081632653,0.061224489795918366,-0.6632653061224489,0.07142857142857142,-0.8469387755102041,0.01020408163265306,-0.5816326530612245,0.01020408163265306,-0.46938775510204084,0.25510204081632654,-0.5816326530612245,0.24489795918367346,-0.7346938775510204,0.1836734693877551,-0.5612244897959183,0.16326530612244897,-0.46938775510204084
0,0.0,0.0,-0.3157894736842105,-0.15789473684210525,-0.43609022556390975,-0.5037593984962406,-0.40601503759398494,-0.7969924812030075,-0.39097744360902253,-1.0,-0.3007518796992481,-0.6917293233082706,-0.2631578947368421,-0.8571428571428571,-0.2781954887218045,-0.6240601503759399,-0.2631578947368421,-0.48872180451127817,-0.10526315789473684,-0.6766917293233082,-0.07518796992481203,-0.8796992481203008,-0.12030075187969924,-0.6090225563909775,-0.11278195488721804,-0.47368421052631576,0.08270676691729323,-0.631578947368421,0.11278195488721804,-0.8120300751879699,0.03759398496240601,-0.5639097744360902,0.03007518796992481,-0.42857142857142855,0.2631578947368421,-0.5488721804511278,0.2781954887218045,-0.7142857142857143,0.20300751879699247,-0.5413533834586466,0.18796992481203006,-0.42105263157894735
0,0.0,0.0,-0.35384615384615387,-0.12307692307692308,-0.49230769230769234,-0.46923076923076923,-0.46153846153846156,-0.7846153846153846,-0.4461538461538462,-1.0,-0.33076923076923076,-0.7153846153846154,-0.2846153846153846,-0.8538461538461538,-0.3076923076923077,-0.6846153846153846,-0.3153846153846154,-0.5461538461538461,-0.12307692307692308,-0.7153846153846154,-0.08461538461538462,-0.8769230769230769,-0.11538461538461539,-0.676923076923077,-0.13076923076923078,-0.5307692307692308,0.06153846153846154,-0.6615384615384615,0.09230769230769231,-0.8076923076923077,0.05384615384615385,-0.6230769230769231,0.038461538461538464,-0.4846153846153846,0.24615384615384617,-0.5769230769230769,0.27692307692307694,-0.7,0.23846153846153847,-0.5538461538461539,0.2153846153846154,-0.43846153846153846
0,0.0,0.0,-0.30434782608695654,-0.12318840579710146,-0.4782608695652174,-0.45652173913043476,-0.4782608695652174,-0.7753623188405797,-0.4420289855072464,-1.0,-0.3115942028985507,-0.6739130434782609,-0.2898550724637681,-0.8768115942028986,-0.3188405797101449,-0.6594202898550725,-0.30434782608695654,-0.5072463768115942,-0.11594202898550725,-0.6666666666666666,-0.11594202898550725,-0.9057971014492754,-0.15942028985507245,-0.644927536231884,-0.14492753623188406,-0.4855072463768116,0.06521739130434782,-0.6231884057971014,0.07246376811594203,-0.8333333333333334,0.0,-0.5797101449275363,0.007246376811594203,-0.42028985507246375,0.2536231884057971,-0.5507246376811594,0.2463768115942029,-0.7318840579710145,0.17391304347826086,-0.5579710144927537,0.16666666666666666,-0.427536231884058
0,0.0,0.0,-0.32867132867132864,-0.14685314685314685,-0.4755244755244755,-0.4755244755244755,-0.45454545454545453,-0.7832167832167832,-0.4195804195804196,-1.0,-0.3146853146853147,-0.6783216783216783,-0.2727272727272727,-0.8671328671328671,-0.3076923076923077,-0.6503496503496503,-0.3076923076923077,-0.5034965034965035,-0.11888111888111888,-0.6713286713286714,-0.09090909090909091,-0.8881118881118881,-0.14685314685314685,-0.6433566433566433,-0.13986013986013987,-0.48951048951048953,0.055944055944055944,-0.6223776223776224,0.08391608391608392,-0.8181818181818182,0.02097902097902098,-0.5874125874125874,0.02097902097902098,-0.43356643356643354,0.23776223776223776,-0.5454545454545454,0.2517482517482518,-0.7202797202797203,0.20279720279720279,-0.5594405594405595,0.1958041958041958,-0.43356643356643354
0,0.0,0.0,0.3235294117647059,-0.18382352941176472,0.5367647058823529,-0.47058823529411764,0.5661764705882353,-0.7720588235294118,0.5588235294117647,-1.0,0.36764705882352944,-0.7205882352941176,0.4338235294117647,-0.9558823529411765,0.4485294117647059,-0.8382352941176471,0.4338235294117647,-0.75,0.17647058823529413,-0.7352941176470589,0.25735294117647056,-1.0,0.2647058823529412,-0.7720588235294118,0.23529411764705882,-0.625,-0.007352941176470588,-0.7058823529411765,0.051470588235294115,-0.9191176470588235,0.08823529411764706,-0.6764705882352942,0.0661764705882353,-0.5441176470588235,-0.22058823529411764,-0.6323529411764706,-0.11764705882352941,-0.8014705882352942,-0.058823529411764705,-0.6323529411764706,-0.07352941176470588,-0.5367647058823529
0,0.0,0.0,0.32608695652173914,-0.18115942028985507,0.5217391304347826,-0.4782608695652174,0.5507246376811594,-0.7753623188405797,0.5507246376811594,-1.0,0.3115942028985507,-0.7536231884057971,0.35507246376811596,-0.9927536231884058,0.37681159420289856,-0.7753623188405797,0.35507246376811596,-0.6376811594202898,0.13043478260869565,-0.7463768115942029,0.17391304347826086,-0.9927536231884058,0.21739130434782608,-0.7246376811594203,0.18840579710144928,-0.6014492753623188,-0.043478260869565216,-0.6956521739130435,0.0,-0.8985507246376812,0.06521739130434782,-0.644927536231884,0.043478260869565216,-0.5289855072463768,-0.2318840579710145,-0.6014492753623188,-0.16666666666666666,-0.7463768115942029,-0.08695652173913043,-0.5869565217391305,-0.09420289855072464,-0.5
0,0.0,0.0,0.3120567375886525,-0.1773049645390071,0.5177304964539007,-0.475177304964539,0.5460992907801419,-0.7730496453900709,0.524822695035461,-1.0,0.2978723404255319,-0.7446808510638298,0.3475177304964539,-0.9787234042553191,0.3617021276595745,-0.7872340425531915,0.3404255319148936,-0.6453900709219859,0.12056737588652482,-0.7375886524822695,0.1702127659574468,-0.9858156028368794,0.19858156028368795,-0.7304964539007093,0.1773049645390071,-0.5886524822695035,-0.04964539007092199,-0.6950354609929078,-0.014184397163120567,-0.8936170212765957,0.0425531914893617,-0.6453900709219859,0.03546099290780142,-0.5177304964539007,-0.23404255319148937,-0.6028368794326241,-0.1702127659574468,-0.7375886524822695,-0.09929078014184398,-0.574468085106383,-0.09929078014184398,-0.49645390070921985
0,0.0,0.0,0.3357142857142857,-0.18571428571428572,0.5214285714285715,-0.4714285714285714,0.5357142857142857,-0.7928571428571428,0.5928571428571429,-1.0,0.32857142857142857,-0.7,0.37142857142857144,-0.9642857142857143,0.38571428571428573,-0.7357142857142858,0.35714285714285715,-0.5857142857142857,0.14285714285714285,-0.7,0.17857142857142858,-0.9642857142857143,0.21428571428571427,-0.6857142857142857,0.19285714285714287,-0.55,-0.03571428571428571,-0.65,-0.007142857142857143,-0.8571428571428571,0.04285714285714286,-0.6071428571428571,0.03571428571428571,-0.5,-0.22857142857142856,-0.5714285714285714,-0.17142857142857143,-0.7214285714285714,-0.11428571428571428,-0.5642857142857143,-0.11428571428571428,-0.5
1,0.0,0.0,0.15675675675675677,-0.08648648648648649,0.2702702702702703,-0.24864864864864866,0.22702702702702704,-0.40540540540540543,0.12432432432432433,-0.4864864864864865,0.22162162162162163,-0.4810810810810811,0.2702702702702703,-0.6864864864864865,0.2756756756756757,-0.8108108108108109,0.2756756756756757,-0.9135135135135135,0.11351351351351352,-0.5135135135135135,0.16216216216216217,-0.7405405405405405,0.1783783783783784,-0.8864864864864865,0.1891891891891892,-1.0,0.016216216216216217,-0.4972972972972973,0.04864864864864865,-0.7135135135135136,0.07027027027027027,-0.8432432432432433,0.08108108108108109,-0.9459459459459459,-0.08108108108108109,-0.4540540540540541,-0.06486486486486487,-0.6108108108108108,-0.043243243243243246,-0.7135135135135136,-0.021621621621621623,-0.8
1,0.0,0.0,0.15591397849462366,-0.08064516129032258,0.26881720430107525,-0.25268817204301075,0.23655913978494625,-0.40860215053763443,0.13440860215053763,-0.4946236559139785,0.23118279569892472,-0.489247311827957,0.27419354838709675,-0.6881720430107527,0.27956989247311825,-0.8118279569892473,0.27956989247311825,-0.9139784946236559,0.12365591397849462,-0.5161290322580645,0.16666666666666666,-0.7419354838709677,0.1827956989247312,-0.8817204301075269,0.1881720430107527,-1.0,0.026881720430107527,-0.5053763440860215,0.053763440860215055,-0.7150537634408602,0.07526881720430108,-0.8387096774193549,0.0913978494623656,-0.9408602150537635,-0.07526881720430108,-0.45698924731182794,-0.06451612903225806,-0.6075268817204301,-0.043010752688172046,-0.7096774193548387,-0.016129032258064516,-0.8010752688172043
1,0.0,0.0,0.19607843137254902,-0.10294117647058823,0.28431372549019607,-0.25980392156862747,0.22549019607843138,-0.39215686274509803,0.1323529411764706,-0.46078431372549017,0.22058823529411764,-0.4166666666666667,0.2696078431372549,-0.6568627450980392,0.27450980392156865,-0.7990196078431373,0.2647058823529412,-0.9117647058823529,0.10294117647058823,-0.45098039215686275,0.16176470588235295,-0.7107843137254902,0.18137254901960784,-0.8774509803921569,0.18137254901960784,-1.0,0.0,-0.45588235294117646,0.04411764705882353,-0.6911764705882353,0.06372549019607843,-0.8333333333333334,0.07352941176470588,-0.9313725490196079,-0.09313725490196079,-0.43137254901960786,-0.06862745098039216,-0.5980392156862745,-0.0392156862745098,-0.7009803921568627,-0.014705882352941176,-0.7843137254901961
1,0.0,0.0,0.19090909090909092,-0.09545454545454546,0.2772727272727273,-0.2409090909090909,0.22272727272727272,-0.37272727272727274,0.1318181818181818,-0.44545454545454544,0.20909090909090908,-0.42272727272727273,0.25,-0.6590909090909091,0.2545454545454545,-0.8,0.25,-0.9136363636363637,0.09090909090909091,-0.45454545454545453,0.1409090909090909,-0.7136363636363636,0.1590909090909091,-0.8772727272727273,0.16363636363636364,-1.0,-0.013636363636363636,-0.45454545454545453,0.022727272727272728,-0.6863636363636364,0.045454545454545456,-0.8272727272727273,0.05454545454545454,-0.9318181818181818,-0.10909090909090909,-0.41818181818181815,-0.08636363636363636,-0.5909090909090909,-0.05909090909090909,-0.6954545454545454,-0.031818181818181815,-0.7772727272727272
1,0.0,0.0,0.1810344827586207,-0.09051724137931035,0.27155172413793105,-0.23706896551724138,0.22844827586206898,-0.36637931034482757,0.1336206896551724,-0.4396551724137931,0.19827586206896552,-0.4267241379310345,0.2413793103448276,-0.6594827586206896,0.24568965517241378,-0.7974137931034483,0.23706896551724138,-0.9094827586206896,0.08620689655172414,-0.45689655172413796,0.1336206896551724,-0.7112068965517241,0.15086206896551724,-0.875,0.15517241379310345,-1.0,-0.021551724137931036,-0.4482758620689655,0.01293103448275862,-0.6853448275862069,0.03017241379310345,-0.8318965517241379,0.03879310344827586,-0.9353448275862069,-0.11206896551724138,-0.40948275862068967,-0.08620689655172414,-0.5818965517241379,-0.0603448275862069,-0.6853448275862069,-0.03017241379310345,-0.7758620689655172
1,0.0,0.0,0.1888412017167382,-0.10300429184549356,0.2703862660944206,-0.26609442060085836,0.2017167381974249,-0.4034334763948498,0.08583690987124463,-0.4592274678111588,0.19742489270386265,-0.41201716738197425,0.24034334763948498,-0.648068669527897,0.2446351931330472,-0.7896995708154506,0.2317596566523605,-0.9055793991416309,0.07725321888412018,-0.44206008583690987,0.12875536480686695,-0.7081545064377682,0.1459227467811159,-0.8755364806866953,0.15021459227467812,-1.0,-0.030042918454935622,-0.44635193133047213,0.012875536480686695,-0.6781115879828327,0.030042918454935622,-0.8326180257510729,0.03862660944206009,-0.944206008583691,-0.12446351931330472,-0.4206008583690987,-0.10300429184549356,-0.592274678111588,-0.07725321888412018,-0.6952789699570815,-0.055793991416309016,-0.7811158798283262
1,0.0,0.0,0.20087336244541484,-0.11790393013100436,0.28820960698689957,-0.2838427947598253,0.22270742358078602,-0.4192139737991266,0.1222707423580786,-0.4847161572052402,0.21397379912663755,-0.4192139737991266,0.26200873362445415,-0.6593886462882096,0.27074235807860264,-0.8034934497816594,0.2663755458515284,-0.9170305676855895,0.09606986899563319,-0.4497816593886463,0.15283842794759825,-0.7117903930131004,0.16593886462882096,-0.8777292576419214,0.16593886462882096,-1.0,-0.013100436681222707,-0.4585152838427948,0.034934497816593885,-0.6899563318777293,0.056768558951965066,-0.8384279475982532,0.06986899563318777,-0.9475982532751092,-0.10043668122270742,-0.4366812227074236,-0.06986899563318777,-0.6069868995633187,-0.043668122270742356,-0.7161572052401747,-0.021834061135371178,-0.8034934497816594
1,0.0,0.0,0.1926605504587156,-0.0779816513761468,0.2889908256880734,-0.23394495412844038,0.24770642201834864,-0.38990825688073394,0.1559633027522936,-0.47706422018348627,0.21559633027522937,-0.42660550458715596,0.2706422018348624,-0.6605504587155964,0.2706422018348624,-0.7981651376146789,0.25688073394495414,-0.908256880733945,0.10091743119266056,-0.463302752293578,0.1651376146788991,-0.7247706422018348,0.1834862385321101,-0.8853211009174312,0.18807339449541285,-1.0,0.0,-0.463302752293578,0.045871559633027525,-0.7018348623853211,0.07339449541284404,-0.8440366972477065,0.08256880733944955,-0.9403669724770642,-0.0871559633027523,-0.43577981651376146,-0.05504587155963303,-0.6146788990825688,-0.022935779816513763,-0.7201834862385321,0.0045871559633027525,-0.8027522935779816
1,0.0,0.0,0.167420814479638,-0.07239819004524888,0.27601809954751133,-0.22171945701357465,0.2398190045248869,-0.3755656108597285,0.14479638009049775,-0.4796380090497738,0.21266968325791855,-0.4479638009049774,0.26244343891402716,-0.6606334841628959,0.26244343891402716,-0.7918552036199095,0.25339366515837103,-0.9004524886877828,0.09954751131221719,-0.4841628959276018,0.15384615384615385,-0.7194570135746606,0.17194570135746606,-0.8778280542986425,0.17647058823529413,-1.0,0.0,-0.4796380090497738,0.03619909502262444,-0.6968325791855203,0.058823529411764705,-0.8371040723981901,0.06787330316742081,-0.9366515837104072,-0.09502262443438914,-0.4479638009049774,-0.06787330316742081,-0.6063348416289592,-0.04072398190045249,-0.7104072398190046,-0.013574660633484163,-0.7918552036199095
1,0.0,0.0,0.18502202643171806,-0.11013215859030837,0.2687224669603524,-0.2775330396475771,0.20704845814977973,-0.4185022026431718,0.1145374449339207,-0.5022026431718062,0.18502202643171806,-0.44052863436123346,0.23788546255506607,-0.6607929515418502,0.2422907488986784,-0.7929515418502202,0.23788546255506607,-0.9030837004405287,0.07048458149779736,-0.47577092511013214,0.13215859030837004,-0.7224669603524229,0.14977973568281938,-0.8810572687224669,0.15859030837004406,-1.0,-0.030837004405286344,-0.4713656387665198,0.013215859030837005,-0.7004405286343612,0.039647577092511016,-0.8370044052863436,0.05286343612334802,-0.933920704845815,-0.1145374449339207,-0.43612334801762115,-0.09251101321585903,-0.6035242290748899,-0.06167400881057269,-0.7048458149779736,-0.03524229074889868,-0.7841409691629956
1,0.0,0.0,0.17857142857142858,-0.11607142857142858,0.24107142857142858,-0.28125,0.19196428571428573,-0.41517857142857145,0.09375,-0.49107142857142855,0.16517857142857142,-0.4419642857142857,0.20535714285714285,-0.6696428571428571,0.20982142857142858,-0.7991071428571429,0.20535714285714285,-0.9107142857142857,0.049107142857142856,-0.4642857142857143,0.10267857142857142,-0.7142857142857143,0.12053571428571429,-0.875,0.12946428571428573,-1.0,-0.05357142857142857,-0.45535714285714285,-0.013392857142857142,-0.6875,0.008928571428571428,-0.8303571428571429,0.017857142857142856,-0.9375,-0.13839285714285715,-0.41517857142857145,-0.11607142857142858,-0.5892857142857143,-0.08928571428571429,-0.7008928571428571,-0.0625,-0.7901785714285714
1,0.0,0.0,0.04128440366972477,-0.14220183486238533,0.0963302752293578,-0.30275229357798167,0.11467889908256881,-0.41284403669724773,0.10091743119266056,-0.5091743119266054,0.14678899082568808,-0.463302752293578,0.21100917431192662,-0.6697247706422018,0.22018348623853212,-0.7935779816513762,0.22935779816513763,-0.908256880733945,0.10550458715596331,-0.463302752293578,0.14678899082568808,-0.6972477064220184,0.1559633027522936,-0.8623853211009175,0.1651376146788991,-1.0,0.05963302752293578,-0.43119266055045874,0.08256880733944955,-0.6605504587155964,0.08256880733944955,-0.8119266055045872,0.09174311926605505,-0.9357798165137615,0.0,-0.3669724770642202,-0.04128440366972477,-0.5275229357798165,-0.05963302752293578,-0.6422018348623854,-0.05963302752293578,-0.7339449541284404
1,0.0,0.0,-0.11483253588516747,-0.19617224880382775,-0.11483253588516747,-0.3923444976076555,-0.06698564593301436,-0.5215311004784688,-0.023923444976076555,-0.6172248803827751,-0.03349282296650718,-0.49760765550239233,0.028708133971291867,-0.7033492822966507,0.05741626794258373,-0.8325358851674641,0.08133971291866028,-0.937799043062201,0.05741626794258373,-0.4688995215311005,0.11961722488038277,-0.7081339712918661,0.13875598086124402,-0.8708133971291866,0.14832535885167464,-1.0,0.13875598086124402,-0.4019138755980861,0.18181818181818182,-0.6363636363636364,0.1674641148325359,-0.7942583732057417,0.15789473684210525,-0.9186602870813397,0.19138755980861244,-0.3014354066985646,0.11483253588516747,-0.4354066985645933,0.028708133971291867,-0.4880382775119617,-0.028708133971291867,-0.5119617224880383
1,0.0,0.0,0.14634146341463414,-0.12195121951219512,0.2048780487804878,-0.2975609756097561,0.14634146341463414,-0.424390243902439,0.03902439024390244,-0.47317073170731705,0.17073170731707318,-0.4634146341463415,0.2146341463414634,-0.6682926829268293,0.22439024390243903,-0.7951219512195122,0.22439024390243903,-0.9073170731707317,0.06829268292682927,-0.4878048780487805,0.1073170731707317,-0.7219512195121951,0.12682926829268293,-0.8731707317073171,0.14146341463414633,-1.0,-0.024390243902439025,-0.47804878048780486,0.0,-0.6926829268292682,0.01951219512195122,-0.8292682926829268,0.03902439024390244,-0.9365853658536586,-0.1073170731707317,-0.43414634146341463,-0.11219512195121951,-0.5951219512195122,-0.0975609756097561,-0.6878048780487804,-0.07804878048780488,-0.7609756097560976
1,0.0,0.0,0.14361702127659576,-0.10638297872340426,0.22340425531914893,-0.2712765957446808,0.1702127659574468,-0.4148936170212766,0.0851063829787234,-0.5053191489361702,0.13297872340425532,-0.5212765957446809,0.14893617021276595,-0.7180851063829787,0.13297872340425532,-0.8297872340425532,0.11170212765957446,-0.9308510638297872,0.026595744680851064,-0.5319148936170213,0.026595744680851064,-0.7553191489361702,0.02127659574468085,-0.8882978723404256,0.010638297872340425,-1.0,-0.06914893617021277,-0.5,-0.07446808510638298,-0.7074468085106383,-0.0797872340425532,-0.8297872340425532,-0.0797872340425532,-0.9308510638297872,-0.1595744680851064,-0.43617021276595747,-0.17553191489361702,-0.5851063829787234,-0.17553191489361702,-0.6808510638297872,-0.16489361702127658,-0.7712765957446809
1,0.0,0.0,0.14054054054054055,-0.10810810810810811,0.21621621621621623,-0.2756756756756757,0.16216216216216217,-0.41621621621621624,0.07567567567567568,-0.5081081081081081,0.14054054054054055,-0.5243243243243243,0.15135135135135136,-0.7189189189189189,0.13513513513513514,-0.8324324324324325,0.10810810810810811,-0.9297297297297298,0.02702702702702703,-0.5351351351351351,0.032432432432432434,-0.7567567567567568,0.02702702702702703,-0.8972972972972973,0.010810810810810811,-1.0,-0.07027027027027027,-0.5027027027027027,-0.07567567567567568,-0.7081081081081081,-0.07567567567567568,-0.8324324324324325,-0.08108108108108109,-0.9351351351351351,-0.16216216216216217,-0.43243243243243246,-0.1783783783783784,-0.5837837837837838,-0.1783783783783784,-0.6864864864864865,-0.16756756756756758,-0.7783783783783784
1,0.0,0.0,0.14054054054054055,-0.10270270270270271,0.22162162162162163,-0.2810810810810811,0.15675675675675677,-0.42702702702702705,0.06486486486486487,-0.518918918918919,0.15675675675675677,-0.5135135135135135,0.16756756756756758,-0.7081081081081081,0.14594594594594595,-0.827027027027027,0.12432432432432433,-0.9297297297297298,0.043243243243243246,-0.5243243243243243,0.05405405405405406,-0.745945945945946,0.043243243243243246,-0.8864864864864865,0.032432432432432434,-1.0,-0.05405405405405406,-0.4972972972972973,-0.05945945945945946,-0.7027027027027027,-0.07027027027027027,-0.8324324324324325,-0.08108108108108109,-0.9405405405405406,-0.15135135135135136,-0.43243243243243246,-0.16756756756756758,-0.5837837837837838,-0.16216216216216217,-0.6810810810810811,-0.15675675675675677,-0.772972972972973
1,0.0,0.0,0.13978494623655913,-0.10215053763440861,0.20967741935483872,-0.27419354838709675,0.15591397849462366,-0.41935483870967744,0.06989247311827956,-0.510752688172043,0.15053763440860216,-0.5053763440860215,0.16129032258064516,-0.7043010752688172,0.14516129032258066,-0.8225806451612904,0.12365591397849462,-0.9247311827956989,0.03763440860215054,-0.521505376344086,0.04838709677419355,-0.7473118279569892,0.03763440860215054,-0.8870967741935484,0.021505376344086023,-1.0,-0.05913978494623656,-0.4946236559139785,-0.06451612903225806,-0.7043010752688172,-0.06989247311827956,-0.8279569892473119,-0.07526881720430108,-0.9301075268817204,-0.15591397849462366,-0.43548387096774194,-0.17204301075268819,-0.5860215053763441,-0.16666666666666666,-0.6881720430107527,-0.15591397849462366,-0.7795698924731183
1,0.0,0.0,-0.12886597938144329,-0.13402061855670103,-0.17525773195876287,-0.29896907216494845,-0.061855670103092786,-0.4072164948453608,0.06701030927835051,-0.422680412371134,-0.13917525773195877,-0.5154639175257731,-0.14432989690721648,-0.7216494845360825,-0.13402061855670103,-0.8402061855670103,-0.11855670103092783,-0.9484536082474226,-0.030927835051546393,-0.520618556701031,-0.041237113402061855,-0.7371134020618557,-0.03608247422680412,-0.8762886597938144,-0.03608247422680412,-1.0,0.07216494845360824,-0.4896907216494845,0.07216494845360824,-0.6804123711340206,0.07216494845360824,-0.8041237113402062,0.061855670103092786,-0.9072164948453608,0.17525773195876287,-0.42783505154639173,0.18041237113402062,-0.5773195876288659,0.16494845360824742,-0.6752577319587629,0.14432989690721648,-0.7628865979381443
1,0.0,0.0,-0.13541666666666666,-0.13020833333333334,-0.1875,-0.28125,-0.08854166666666667,-0.4010416666666667,0.046875,-0.4322916666666667,-0.15104166666666666,-0.5208333333333334,-0.15104166666666666,-0.7239583333333334,-0.140625,-0.84375,-0.125,-0.9479166666666666,-0.041666666666666664,-0.5260416666666666,-0.046875,-0.7395833333333334,-0.041666666666666664,-0.875,-0.036458333333333336,-1.0,0.0625,-0.4947916666666667,0.0625,-0.6822916666666666,0.0625,-0.8072916666666666,0.0625,-0.9114583333333334,0.171875,-0.4322916666666667,0.171875,-0.578125,0.16145833333333334,-0.6770833333333334,0.14583333333333334,-0.7604166666666666
1,0.0,0.0,-0.12886597938144329,-0.12886597938144329,-0.16494845360824742,-0.28865979381443296,-0.06701030927835051,-0.4072164948453608,0.07216494845360824,-0.42783505154639173,-0.15463917525773196,-0.520618556701031,-0.15463917525773196,-0.7216494845360825,-0.14948453608247422,-0.845360824742268,-0.13917525773195877,-0.9536082474226805,-0.05670103092783505,-0.520618556701031,-0.061855670103092786,-0.7371134020618557,-0.05670103092783505,-0.8762886597938144,-0.05670103092783505,-1.0,0.04639175257731959,-0.4896907216494845,0.04639175257731959,-0.6855670103092784,0.04639175257731959,-0.8092783505154639,0.04639175257731959,-0.9175257731958762,0.14432989690721648,-0.4329896907216495,0.14948453608247422,-0.5876288659793815,0.13917525773195877,-0.6907216494845361,0.13402061855670103,-0.7835051546391752
1,0.0,0.0,-0.13440860215053763,-0.10215053763440861,-0.1881720430107527,-0.26344086021505375,-0.12903225806451613,-0.3817204301075269,-0.043010752688172046,-0.43548387096774194,-0.16129032258064516,-0.510752688172043,-0.1774193548387097,-0.7150537634408602,-0.17204301075268819,-0.8387096774193549,-0.16666666666666666,-0.946236559139785,-0.05913978494623656,-0.510752688172043,-0.07526881720430108,-0.7311827956989247,-0.08064516129032258,-0.8763440860215054,-0.08064516129032258,-1.0,0.03763440860215054,-0.4731182795698925,0.03225806451612903,-0.6666666666666666,0.021505376344086023,-0.8010752688172043,0.016129032258064516,-0.9193548387096774,0.12903225806451613,-0.4032258064516129,0.12903225806451613,-0.553763440860215,0.11290322580645161,-0.6559139784946236,0.10215053763440861,-0.7526881720430108
1,0.0,0.0,-0.12234042553191489,-0.09574468085106383,-0.17553191489361702,-0.26063829787234044,-0.11170212765957446,-0.3829787234042553,-0.015957446808510637,-0.42021276595744683,-0.14893617021276595,-0.5053191489361702,-0.1595744680851064,-0.7074468085106383,-0.1595744680851064,-0.8297872340425532,-0.14893617021276595,-0.9361702127659575,-0.05319148936170213,-0.5053191489361702,-0.06914893617021277,-0.723404255319149,-0.07446808510638298,-0.8723404255319149,-0.06914893617021277,-1.0,0.0425531914893617,-0.46808510638297873,0.03723404255319149,-0.6702127659574468,0.031914893617021274,-0.7978723404255319,0.031914893617021274,-0.9148936170212766,0.13829787234042554,-0.39893617021276595,0.13297872340425532,-0.5585106382978723,0.11702127659574468,-0.6648936170212766,0.10638297872340426,-0.7659574468085106
1,0.0,0.0,-0.12698412698412698,-0.10052910052910052,-0.18518518518518517,-0.25925925925925924,-0.12698412698412698,-0.38095238095238093,-0.037037037037037035,-0.43386243386243384,-0.15873015873015872,-0.5026455026455027,-0.1693121693121693,-0.7037037037037037,-0.1693121693121693,-0.8253968253968254,-0.164021164021164,-0.9365079365079365,-0.06349206349206349,-0.5079365079365079,-0.07936507936507936,-0.7301587301587301,-0.08465608465608465,-0.873015873015873,-0.08465608465608465,-1.0,0.031746031746031744,-0.4708994708994709,0.026455026455026454,-0.6772486772486772,0.021164021164021163,-0.8095238095238095,0.021164021164021163,-0.9206349206349206,0.12698412698412698,-0.4126984126984127,0.12698412698412698,-0.5661375661375662,0.1111111111111111,-0.671957671957672,0.10052910052910052,-0.7724867724867724
1,0.0,0.0,-0.14285714285714285,-0.11160714285714286,-0.20089285714285715,-0.27232142857142855,-0.11160714285714286,-0.39285714285714285,0.017857142857142856,-0.42857142857142855,-0.16964285714285715,-0.5089285714285714,-0.17857142857142858,-0.7098214285714286,-0.17410714285714285,-0.8258928571428571,-0.16517857142857142,-0.9330357142857143,-0.06696428571428571,-0.5223214285714286,-0.08035714285714286,-0.7366071428571429,-0.08035714285714286,-0.875,-0.08035714285714286,-1.0,0.026785714285714284,-0.49107142857142855,0.026785714285714284,-0.6875,0.026785714285714284,-0.8080357142857143,0.026785714285714284,-0.9151785714285714,0.13839285714285715,-0.42410714285714285,0.13392857142857142,-0.5803571428571429,0.12053571428571429,-0.6830357142857143,0.10714285714285714,-0.7723214285714286
1,0.0,0.0,-0.13716814159292035,-0.11061946902654868,-0.19469026548672566,-0.26548672566371684,-0.11061946902654868,-0.3893805309734513,0.008849557522123894,-0.4336283185840708,-0.168141592920354,-0.5176991150442478,-0.17699115044247787,-0.7123893805309734,-0.17256637168141592,-0.827433628318584,-0.16371681415929204,-0.9336283185840708,-0.06637168141592921,-0.5265486725663717,-0.07964601769911504,-0.7389380530973452,-0.07964601769911504,-0.8761061946902655,-0.07964601769911504,-1.0,0.035398230088495575,-0.49557522123893805,0.030973451327433628,-0.6902654867256637,0.030973451327433628,-0.8097345132743363,0.02654867256637168,-0.915929203539823,0.1415929203539823,-0.42920353982300885,0.1415929203539823,-0.584070796460177,0.12831858407079647,-0.6814159292035398,0.11061946902654868,-0.7699115044247787
1,0.0,0.0,-0.13392857142857142,-0.11607142857142858,-0.1875,-0.27232142857142855,-0.10714285714285714,-0.38839285714285715,0.008928571428571428,-0.4330357142857143,-0.16964285714285715,-0.5133928571428571,-0.17857142857142858,-0.7098214285714286,-0.17857142857142858,-0.8303571428571429,-0.16964285714285715,-0.9375,-0.06696428571428571,-0.5223214285714286,-0.08482142857142858,-0.7366071428571429,-0.08482142857142858,-0.875,-0.08482142857142858,-1.0,0.03125,-0.48660714285714285,0.026785714285714284,-0.6875,0.026785714285714284,-0.8125,0.022321428571428572,-0.9196428571428571,0.13839285714285715,-0.42410714285714285,0.13839285714285715,-0.5758928571428571,0.125,-0.6785714285714286,0.10714285714285714,-0.7723214285714286
1,0.0,0.0,-0.13839285714285715,-0.11160714285714286,-0.19196428571428573,-0.27232142857142855,-0.10714285714285714,-0.39285714285714285,0.013392857142857142,-0.42857142857142855,-0.16964285714285715,-0.5133928571428571,-0.17857142857142858,-0.7142857142857143,-0.17410714285714285,-0.8303571428571429,-0.16071428571428573,-0.9330357142857143,-0.06696428571428571,-0.5267857142857143,-0.08482142857142858,-0.7410714285714286,-0.08482142857142858,-0.875,-0.08035714285714286,-1.0,0.03125,-0.4955357142857143,0.022321428571428572,-0.6919642857142857,0.026785714285714284,-0.8080357142857143,0.026785714285714284,-0.9151785714285714,0.13839285714285715,-0.4375,0.12946428571428573,-0.5892857142857143,0.11607142857142858,-0.6830357142857143,0.10267857142857142,-0.7678571428571429
1,0.0,0.0,-0.13145539906103287,-0.12206572769953052,-0.15492957746478872,-0.3051643192488263,-0.023474178403755867,-0.4084507042253521,0.107981220657277,-0.4131455399061033,-0.14553990610328638,-0.5070422535211268,-0.14553990610328638,-0.7136150234741784,-0.14553990610328638,-0.8356807511737089,-0.14553990610328638,-0.9389671361502347,-0.04225352112676056,-0.5211267605633803,-0.051643192488262914,-0.7417840375586855,-0.056338028169014086,-0.8826291079812206,-0.06103286384976526,-1.0,0.06103286384976526,-0.49295774647887325,0.051643192488262914,-0.6901408450704225,0.03755868544600939,-0.812206572769953,0.023474178403755867,-0.9154929577464789,0.1643192488262911,-0.4413145539906103,0.17370892018779344,-0.5868544600938967,0.1596244131455399,-0.6807511737089202,0.14553990610328638,-0.7605633802816901
1,0.0,0.0,-0.11682242990654206,-0.1308411214953271,-0.13551401869158877,-0.2897196261682243,-0.014018691588785047,-0.3925233644859813,0.11214953271028037,-0.4205607476635514,-0.13551401869158877,-0.5186915887850467,-0.13551401869158877,-0.719626168224299,-0.1308411214953271,-0.8411214953271028,-0.12149532710280374,-0.9439252336448598,-0.03271028037383177,-0.5280373831775701,-0.04205607476635514,-0.7383177570093458,-0.04672897196261682,-0.8738317757009346,-0.0514018691588785,-1.0,0.07009345794392523,-0.5,0.06074766355140187,-0.6915887850467289,0.04672897196261682,-0.8130841121495327,0.03271028037383177,-0.9205607476635514,0.17757009345794392,-0.4485981308411215,0.18691588785046728,-0.5887850467289719,0.17289719626168223,-0.6869158878504673,0.1588785046728972,-0.7710280373831776
1,0.0,0.0,-0.12626262626262627,-0.10606060606060606,-0.16666666666666666,-0.2676767676767677,-0.09090909090909091,-0.3838383838383838,-0.015151515151515152,-0.4393939393939394,-0.1414141414141414,-0.51010101010101,-0.15656565656565657,-0.7121212121212122,-0.15656565656565657,-0.8282828282828283,-0.15151515151515152,-0.9343434343434344,-0.04040404040404041,-0.51010101010101,-0.05555555555555555,-0.7323232323232324,-0.06060606060606061,-0.8737373737373737,-0.05555555555555555,-1.0,0.06060606060606061,-0.4696969696969697,0.05555555555555555,-0.6767676767676768,0.05555555555555555,-0.803030303030303,0.050505050505050504,-0.9141414141414141,0.16666666666666666,-0.398989898989899,0.15656565656565657,-0.5555555555555556,0.1414141414141414,-0.6616161616161617,0.12626262626262627,-0.7575757575757576
1,0.0,0.0,-0.12376237623762376,-0.0891089108910891,-0.1782178217821782,-0.2376237623762376,-0.10891089108910891,-0.35148514851485146,-0.024752475247524754,-0.4158415841584158,-0.15346534653465346,-0.5099009900990099,-0.17326732673267325,-0.7079207920792079,-0.17326732673267325,-0.8217821782178217,-0.16336633663366337,-0.9257425742574258,-0.054455445544554455,-0.5148514851485149,-0.07425742574257425,-0.7326732673267327,-0.07920792079207921,-0.8712871287128713,-0.07425742574257425,-1.0,0.04950495049504951,-0.4752475247524752,0.039603960396039604,-0.6831683168316832,0.039603960396039604,-0.801980198019802,0.034653465346534656,-0.9108910891089109,0.15346534653465346,-0.40594059405940597,0.14356435643564355,-0.5594059405940595,0.12376237623762376,-0.6633663366336634,0.10891089108910891,-0.7574257425742574
1,0.0,0.0,-0.1188118811881188,-0.09405940594059406,-0.16336633663366337,-0.2524752475247525,-0.09900990099009901,-0.3613861386138614,-0.024752475247524754,-0.42574257425742573,-0.1485148514851485,-0.5099009900990099,-0.16336633663366337,-0.7079207920792079,-0.15841584158415842,-0.8217821782178217,-0.15346534653465346,-0.9257425742574258,-0.04950495049504951,-0.5148514851485149,-0.06435643564356436,-0.7326732673267327,-0.06435643564356436,-0.8712871287128713,-0.06435643564356436,-1.0,0.054455445544554455,-0.4752475247524752,0.04455445544554455,-0.6831683168316832,0.04455445544554455,-0.801980198019802,0.04455445544554455,-0.9158415841584159,0.15346534653465346,-0.40594059405940597,0.1485148514851485,-0.5544554455445545,0.13861386138613863,-0.6534653465346535,0.12376237623762376,-0.7524752475247525
1,0.0,0.0,-0.1641025641025641,-0.09743589743589744,-0.22564102564102564,-0.26153846153846155,-0.13333333333333333,-0.4,-0.020512820512820513,-0.46153846153846156,-0.2205128205128205,-0.5128205128205128,-0.2512820512820513,-0.7076923076923077,-0.2512820512820513,-0.8307692307692308,-0.24615384615384617,-0.9333333333333333,-0.11794871794871795,-0.5333333333333333,-0.14871794871794872,-0.7435897435897436,-0.15897435897435896,-0.8769230769230769,-0.16923076923076924,-1.0,-0.015384615384615385,-0.5128205128205128,-0.035897435897435895,-0.7025641025641025,-0.041025641025641026,-0.8256410256410256,-0.05128205128205128,-0.9282051282051282,0.09743589743589744,-0.4666666666666667,0.08717948717948718,-0.6153846153846154,0.06666666666666667,-0.7076923076923077,0.05128205128205128,-0.7897435897435897
1,0.0,0.0,-0.15384615384615385,-0.10256410256410256,-0.20512820512820512,-0.27692307692307694,-0.12307692307692308,-0.40512820512820513,-0.015384615384615385,-0.46153846153846156,-0.2,-0.517948717948718,-0.22564102564102564,-0.717948717948718,-0.23076923076923078,-0.8358974358974359,-0.22564102564102564,-0.9384615384615385,-0.10256410256410256,-0.5384615384615384,-0.1282051282051282,-0.7487179487179487,-0.13846153846153847,-0.882051282051282,-0.14871794871794872,-1.0,0.0,-0.517948717948718,-0.015384615384615385,-0.7128205128205128,-0.020512820512820513,-0.8307692307692308,-0.03076923076923077,-0.9333333333333333,0.11282051282051282,-0.4666666666666667,0.10256410256410256,-0.6153846153846154,0.08205128205128205,-0.7076923076923077,0.06666666666666667,-0.7948717948717948
1,0.0,0.0,-0.14646464646464646,-0.10101010101010101,-0.21717171717171718,-0.2727272727272727,-0.13636363636363635,-0.4090909090909091,-0.015151515151515152,-0.46464646464646464,-0.20707070707070707,-0.5202020202020202,-0.22727272727272727,-0.7171717171717171,-0.22727272727272727,-0.8383838383838383,-0.2222222222222222,-0.9444444444444444,-0.10606060606060606,-0.5404040404040404,-0.12626262626262627,-0.7474747474747475,-0.13636363636363635,-0.8838383838383839,-0.1414141414141414,-1.0,-0.005050505050505051,-0.5151515151515151,-0.015151515151515152,-0.7121212121212122,-0.020202020202020204,-0.8282828282828283,-0.030303030303030304,-0.9292929292929293,0.10101010101010101,-0.46464646464646464,0.09595959595959595,-0.6161616161616161,0.08585858585858586,-0.7070707070707071,0.0707070707070707,-0.7878787878787878
1,0.0,0.0,-0.15228426395939088,-0.1065989847715736,-0.20812182741116753,-0.27918781725888325,-0.1218274111675127,-0.41116751269035534,-0.015228426395939087,-0.467005076142132,-0.19796954314720813,-0.5177664974619289,-0.2233502538071066,-0.7157360406091371,-0.22842639593908629,-0.8274111675126904,-0.2233502538071066,-0.9289340101522843,-0.10152284263959391,-0.5380710659898477,-0.12690355329949238,-0.751269035532995,-0.13705583756345177,-0.883248730964467,-0.14720812182741116,-1.0,0.0,-0.5177664974619289,-0.015228426395939087,-0.7157360406091371,-0.02030456852791878,-0.8274111675126904,-0.025380710659898477,-0.9289340101522843,0.1065989847715736,-0.4720812182741117,0.09644670050761421,-0.6243654822335025,0.08121827411167512,-0.7157360406091371,0.06091370558375635,-0.7969543147208121
1,0.0,0.0,-0.14948453608247422,-0.0979381443298969,-0.2268041237113402,-0.26804123711340205,-0.14432989690721648,-0.4020618556701031,-0.02577319587628866,-0.4639175257731959,-0.22164948453608246,-0.5154639175257731,-0.2422680412371134,-0.7164948453608248,-0.2422680412371134,-0.8350515463917526,-0.23195876288659795,-0.9329896907216495,-0.12371134020618557,-0.5360824742268041,-0.14948453608247422,-0.7525773195876289,-0.15979381443298968,-0.8814432989690721,-0.15979381443298968,-1.0,-0.015463917525773196,-0.520618556701031,-0.03608247422680412,-0.7164948453608248,-0.041237113402061855,-0.8298969072164949,-0.04639175257731959,-0.9329896907216495,0.0979381443298969,-0.4690721649484536,0.08762886597938144,-0.6237113402061856,0.06701030927835051,-0.711340206185567,0.05154639175257732,-0.7938144329896907
1,0.0,0.0,-0.13636363636363635,-0.06060606060606061,-0.19696969696969696,-0.19696969696969696,-0.12626262626262627,-0.30808080808080807,-0.05555555555555555,-0.37373737373737376,-0.18686868686868688,-0.4797979797979798,-0.20202020202020202,-0.6818181818181818,-0.20707070707070707,-0.803030303030303,-0.20202020202020202,-0.9141414141414141,-0.07575757575757576,-0.4898989898989899,-0.10101010101010101,-0.7121212121212122,-0.10606060606060606,-0.8636363636363636,-0.1111111111111111,-1.0,0.030303030303030304,-0.4494949494949495,0.020202020202020204,-0.6616161616161617,0.010101010101010102,-0.7878787878787878,0.0,-0.9040404040404041,0.1414141414141414,-0.3787878787878788,0.13131313131313133,-0.5404040404040404,0.11616161616161616,-0.6464646464646465,0.09595959595959595,-0.7424242424242424
1,0.0,0.0,-0.10945273631840796,-0.07462686567164178,-0.15422885572139303,-0.20398009950248755,-0.1044776119402985,-0.31343283582089554,-0.07462686567164178,-0.3880597014925373,-0.18407960199004975,-0.4975124378109453,-0.19402985074626866,-0.6915422885572139,-0.19402985074626866,-0.8109452736318408,-0.1890547263681592,-0.9154228855721394,-0.0845771144278607,-0.5124378109452736,-0.09950248756218906,-0.7313432835820896,-0.1044776119402985,-0.8706467661691543,-0.1044776119402985,-1.0,0.014925373134328358,-0.48258706467661694,0.009950248756218905,-0.681592039800995,0.009950248756218905,-0.7960199004975125,0.004975124378109453,-0.9104477611940298,0.11442786069651742,-0.417910447761194,0.11940298507462686,-0.5621890547263682,0.10945273631840796,-0.6567164179104478,0.09950248756218906,-0.746268656716418
1,0.0,0.0,-0.12871287128712872,-0.08415841584158416,-0.1782178217821782,-0.22277227722772278,-0.1188118811881188,-0.33663366336633666,-0.06435643564356436,-0.40594059405940597,-0.17326732673267325,-0.5,-0.18316831683168316,-0.693069306930693,-0.18316831683168316,-0.8118811881188119,-0.18316831683168316,-0.9207920792079208,-0.06930693069306931,-0.5148514851485149,-0.08415841584158416,-0.7277227722772277,-0.0891089108910891,-0.8712871287128713,-0.09405940594059406,-1.0,0.0297029702970297,-0.4752475247524752,0.024752475247524754,-0.6782178217821783,0.019801980198019802,-0.801980198019802,0.01485148514851485,-0.9158415841584159,0.13366336633663367,-0.40594059405940597,0.13366336633663367,-0.5594059405940595,0.12376237623762376,-0.6534653465346535,0.11386138613861387,-0.7524752475247525
1,0.0,0.0,-0.14507772020725387,-0.06735751295336788,-0.24352331606217617,-0.20725388601036268,-0.21761658031088082,-0.3316062176165803,-0.15544041450777202,-0.40414507772020725,-0.22797927461139897,-0.49222797927461137,-0.26424870466321243,-0.694300518134715,-0.2694300518134715,-0.8082901554404145,-0.2694300518134715,-0.917098445595855,-0.12953367875647667,-0.5129533678756477,-0.17098445595854922,-0.7305699481865285,-0.18652849740932642,-0.8704663212435233,-0.19170984455958548,-1.0,-0.025906735751295335,-0.48186528497409326,-0.05181347150259067,-0.6839378238341969,-0.06217616580310881,-0.8082901554404145,-0.07253886010362694,-0.9222797927461139,0.08290155440414508,-0.41968911917098445,0.06735751295336788,-0.5699481865284974,0.046632124352331605,-0.6683937823834197,0.025906735751295335,-0.7616580310880829
1,0.0,0.0,-0.15025906735751296,-0.07253886010362694,-0.24870466321243523,-0.21243523316062177,-0.21243523316062177,-0.34196891191709844,-0.12953367875647667,-0.41450777202072536,-0.23834196891191708,-0.49222797927461137,-0.2694300518134715,-0.694300518134715,-0.27461139896373055,-0.8134715025906736,-0.27461139896373055,-0.9222797927461139,-0.14507772020725387,-0.5025906735751295,-0.17616580310880828,-0.7253886010362695,-0.19170984455958548,-0.8704663212435233,-0.19689119170984457,-1.0,-0.04145077720207254,-0.47150259067357514,-0.06217616580310881,-0.6787564766839378,-0.07253886010362694,-0.8082901554404145,-0.07772020725388601,-0.9222797927461139,0.06735751295336788,-0.40932642487046633,0.05181347150259067,-0.5647668393782384,0.03626943005181347,-0.6683937823834197,0.02072538860103627,-0.7616580310880829
1,0.0,0.0,-0.13658536585365855,-0.1024390243902439,-0.18048780487804877,-0.2634146341463415,-0.09268292682926829,-0.375609756097561,0.024390243902439025,-0.4097560975609756,-0.17073170731707318,-0.5073170731707317,-0.18048780487804877,-0.7024390243902439,-0.17560975609756097,-0.8195121951219512,-0.16585365853658537,-0.926829268292683,-0.06341463414634146,-0.5219512195121951,-0.07804878048780488,-0.7365853658536585,-0.08292682926829269,-0.8780487804878049,-0.08780487804878048,-1.0,0.03902439024390244,-0.4926829268292683,0.02926829268292683,-0.6926829268292682,0.024390243902439025,-0.8146341463414634,0.014634146341463415,-0.926829268292683,0.14634146341463414,-0.4292682926829268,0.14634146341463414,-0.5853658536585366,0.13170731707317074,-0.6829268292682927,0.11219512195121951,-0.7707317073170732
1,0.0,0.0,-0.13106796116504854,-0.10194174757281553,-0.17475728155339806,-0.25728155339805825,-0.0970873786407767,-0.36893203883495146,0.009708737864077669,-0.4174757281553398,-0.1650485436893204,-0.5,-0.16990291262135923,-0.6990291262135923,-0.16990291262135923,-0.8155339805825242,-0.16019417475728157,-0.9174757281553398,-0.05825242718446602,-0.5145631067961165,-0.07281553398058252,-0.7330097087378641,-0.07281553398058252,-0.8737864077669902,-0.07766990291262135,-1.0,0.043689320388349516,-0.4854368932038835,0.038834951456310676,-0.6844660194174758,0.02912621359223301,-0.8106796116504854,0.019417475728155338,-0.9174757281553398,0.15048543689320387,-0.4223300970873786,0.15048543689320387,-0.5728155339805825,0.13592233009708737,-0.6747572815533981,0.12135922330097088,-0.7621359223300971
1,0.0,0.0,0.15,-0.1,0.2222222222222222,-0.2833333333333333,0.16666666666666666,-0.43333333333333335,0.08888888888888889,-0.5166666666666667,0.18333333333333332,-0.5055555555555555,0.2111111111111111,-0.7,0.2111111111111111,-0.8222222222222222,0.20555555555555555,-0.9277777777777778,0.07777777777777778,-0.5277777777777778,0.10555555555555556,-0.7444444444444445,0.11666666666666667,-0.8833333333333333,0.12222222222222222,-1.0,-0.022222222222222223,-0.5055555555555555,-0.005555555555555556,-0.7055555555555556,0.005555555555555556,-0.8333333333333334,0.016666666666666666,-0.9277777777777778,-0.1111111111111111,-0.45555555555555555,-0.10555555555555556,-0.6111111111111112,-0.09444444444444444,-0.7111111111111111,-0.07222222222222222,-0.7888888888888889
1,0.0,0.0,0.14606741573033707,-0.10112359550561797,0.2247191011235955,-0.2808988764044944,0.1797752808988764,-0.43258426966292135,0.10112359550561797,-0.5280898876404494,0.1853932584269663,-0.5,0.21348314606741572,-0.6966292134831461,0.21348314606741572,-0.8202247191011236,0.20786516853932585,-0.9269662921348315,0.07865168539325842,-0.5224719101123596,0.10674157303370786,-0.7415730337078652,0.11235955056179775,-0.8820224719101124,0.11797752808988764,-1.0,-0.016853932584269662,-0.5056179775280899,-0.0056179775280898875,-0.702247191011236,0.011235955056179775,-0.8314606741573034,0.016853932584269662,-0.9269662921348315,-0.11235955056179775,-0.4606741573033708,-0.10674157303370786,-0.6123595505617978,-0.0898876404494382,-0.7078651685393258,-0.07865168539325842,-0.7921348314606742
1,0.0,0.0,0.15555555555555556,-0.1,0.24444444444444444,-0.2833333333333333,0.18333333333333332,-0.4444444444444444,0.08333333333333333,-0.5166666666666667,0.18333333333333332,-0.4888888888888889,0.21666666666666667,-0.6888888888888889,0.2222222222222222,-0.8111111111111111,0.2111111111111111,-0.9222222222222223,0.07777777777777778,-0.5111111111111111,0.1111111111111111,-0.7333333333333333,0.12222222222222222,-0.8777777777777778,0.12777777777777777,-1.0,-0.016666666666666666,-0.5,0.0,-0.7,0.016666666666666666,-0.8277777777777777,0.03333333333333333,-0.9277777777777778,-0.1111111111111111,-0.46111111111111114,-0.1111111111111111,-0.6166666666666667,-0.09444444444444444,-0.7111111111111111,-0.07777777777777778,-0.7944444444444444
1,0.0,0.0,0.13736263736263737,-0.1043956043956044,0.22527472527472528,-0.2857142857142857,0.17032967032967034,-0.43956043956043955,0.08241758241758242,-0.521978021978022,0.17582417582417584,-0.4945054945054945,0.2032967032967033,-0.6923076923076923,0.2032967032967033,-0.8131868131868132,0.1978021978021978,-0.9175824175824175,0.06593406593406594,-0.5164835164835165,0.0989010989010989,-0.7362637362637363,0.1043956043956044,-0.8791208791208791,0.10989010989010989,-1.0,-0.027472527472527472,-0.5,-0.016483516483516484,-0.6978021978021978,0.0,-0.8241758241758241,0.016483516483516484,-0.9230769230769231,-0.12087912087912088,-0.45604395604395603,-0.12637362637362637,-0.6043956043956044,-0.10989010989010989,-0.7032967032967034,-0.08791208791208792,-0.7857142857142857
1,0.0,0.0,0.1511627906976744,-0.11627906976744186,0.20348837209302326,-0.29651162790697677,0.1511627906976744,-0.43023255813953487,0.05232558139534884,-0.5058139534883721,0.14534883720930233,-0.47093023255813954,0.19767441860465115,-0.6918604651162791,0.20930232558139536,-0.813953488372093,0.20348837209302326,-0.9186046511627907,0.03488372093023256,-0.5,0.0872093023255814,-0.7383720930232558,0.10465116279069768,-0.8837209302325582,0.11046511627906977,-1.0,-0.05813953488372093,-0.4941860465116279,-0.029069767441860465,-0.7093023255813954,0.0,-0.8313953488372093,0.011627906976744186,-0.9127906976744186,-0.14534883720930233,-0.45348837209302323,-0.12790697674418605,-0.6104651162790697,-0.10465116279069768,-0.7034883720930233,-0.08139534883720931,-0.7732558139534884
1,0.0,0.0,0.15294117647058825,-0.11764705882352941,0.20588235294117646,-0.29411764705882354,0.14705882352941177,-0.4294117647058823,0.03529411764705882,-0.48823529411764705,0.16470588235294117,-0.48823529411764705,0.20588235294117646,-0.7,0.21176470588235294,-0.8235294117647058,0.21176470588235294,-0.9235294117647059,0.058823529411764705,-0.5117647058823529,0.1,-0.7411764705882353,0.11176470588235295,-0.888235294117647,0.11176470588235295,-1.0,-0.041176470588235294,-0.5,-0.01764705882352941,-0.711764705882353,0.0,-0.8352941176470589,0.0058823529411764705,-0.9235294117647059,-0.12941176470588237,-0.45294117647058824,-0.11764705882352941,-0.611764705882353,-0.1,-0.7058823529411765,-0.08235294117647059,-0.7705882352941177
1,0.0,0.0,0.16167664670658682,-0.10778443113772455,0.24550898203592814,-0.2874251497005988,0.19760479041916168,-0.4491017964071856,0.08982035928143713,-0.5329341317365269,0.20359281437125748,-0.49700598802395207,0.25149700598802394,-0.7005988023952096,0.2634730538922156,-0.8143712574850299,0.2634730538922156,-0.9221556886227545,0.09580838323353294,-0.5329341317365269,0.1437125748502994,-0.7544910179640718,0.16167664670658682,-0.8922155688622755,0.16766467065868262,-1.0,-0.011976047904191617,-0.5269461077844312,0.017964071856287425,-0.7245508982035929,0.03592814371257485,-0.8383233532934131,0.04790419161676647,-0.9221556886227545,-0.11377245508982035,-0.48502994011976047,-0.10179640718562874,-0.6407185628742516,-0.08383233532934131,-0.7305389221556886,-0.0658682634730539,-0.8023952095808383
1,0.0,0.0,0.15568862275449102,-0.10179640718562874,0.23952095808383234,-0.2754491017964072,0.19760479041916168,-0.4311377245508982,0.10778443113772455,-0.5089820359281437,0.19161676646706588,-0.48502994011976047,0.23952095808383234,-0.6826347305389222,0.25149700598802394,-0.8083832335329342,0.25149700598802394,-0.9161676646706587,0.07784431137724551,-0.5209580838323353,0.1317365269461078,-0.7485029940119761,0.1497005988023952,-0.8862275449101796,0.15568862275449102,-1.0,-0.023952095808383235,-0.5149700598802395,0.005988023952095809,-0.7125748502994012,0.029940119760479042,-0.8323353293413174,0.041916167664670656,-0.9221556886227545,-0.11976047904191617,-0.47305389221556887,-0.10778443113772455,-0.6227544910179641,-0.08383233532934131,-0.718562874251497,-0.0658682634730539,-0.7904191616766467
